mes,NomBandeiraAcionada,nivel,ena_pct_mlt_nordeste,ena_pct_mlt_norte,ena_pct_mlt_sudeste,ena_pct_mlt_sul,ena_nacional_mwmed,ena_nacional_pct_mlt_media_subsis,novas_conexoes,potencia_nova_kw,potencia_acumulada_kw,potencia_acumulada_mw,conexoes_acumuladas
2015-01,Vermelha P1,2,28.426451652580646,60.6590322683871,39.983548502580646,206.98612828419357,1480005.0,84.01379017693549,54,419.2,5231.65,5.231649999999999,497
2015-02,Vermelha P1,2,29.22357126642857,56.5396431525,59.78357151607143,138.659643445,1623730.0,71.05160734500001,34,350.88,5582.53,5.582529999999999,531
2015-03,Vermelha P1,2,39.48645148709677,69.73129075612903,78.87999922225806,112.40612940645161,2086250.0,75.12596771798387,48,236.05,5818.58,5.81858,579
2015-04,Vermelha P1,2,58.022000122,82.96133397499999,89.49366658533333,106.189665858,1903752.0,84.16666663508335,55,313.08,6131.66,6.13166,634
2015-05,Vermelha P1,2,60.35741929096774,111.00645126870967,100.18096751580646,78.03064457032258,1628514.0,87.39387066145161,89,577.98,6709.639999999999,6.709639999999999,723
2015-06,Vermelha P1,2,54.743332926,97.55966695133334,89.00299936866666,130.91933428433333,1337017.0,93.05633338258333,55,473.47,7183.11,7.18311,778
2015-07,Vermelha P1,2,51.7899998083871,84.64903185483871,132.98064422612902,254.75871178387098,1903079.0,131.04459691830644,107,1165.26,8348.369999999999,8.34837,885
2015-08,Vermelha P1,2,51.24193523838709,77.59774226483871,90.43419327322582,79.9864516716129,861964.0,74.81508061201613,125,573.36,8921.73,8.92173,1010
2015-09,Vermelha P1,2,45.775000382,66.001666514,119.280000305,114.63133214366667,1115125.0,86.42199983616666,128,1044.81,9966.539999999999,9.966539999999998,1138
2015-10,Vermelha P1,2,31.807742026451614,62.14935450451613,94.46483907387098,227.05741857741936,1636638.0,103.86983854556452,155,909.57,10876.109999999999,10.876109999999999,1293
2015-11,Vermelha P1,2,19.611333498,47.982000097,118.169666545,199.92566579233335,1602088.0,96.42216648308333,174,2261.89,13137.999999999998,13.137999999999998,1467
2015-12,Vermelha P1,2,31.851290549032257,27.351290180967744,102.80483910387098,286.9593550158064,2149665.0,112.24169371241936,254,1709.16,14847.159999999998,14.847159999999999,1721
2016-01,Vermelha P1,2,53.14612899290322,50.74161252645162,127.74516148741935,197.93612941580645,3322484.0,107.39225810564515,263,1852.53,16699.69,16.69969,1984
2016-02,Vermelha P2,3,94.87482754896551,69.2893097975862,87.48275914655173,163.99758516551722,2767671.0,103.91112041465517,325,1917.62,18617.309999999998,18.617309999999996,2309
2016-03,Amarela,1,33.74903180548387,56.58612885032258,99.43806408322581,208.27354849548388,2885754.0,99.51169330862903,405,2530.13,21147.44,21.14744,2714
2016-04,Verde,0,23.461666680333334,50.224999873,72.75300000399999,145.92166671733332,1731208.0,73.09033331866667,397,2582.84,23730.28,23.73028,3111
2016-05,Verde,0,23.57419358516129,39.0487095616129,89.62225809290324,125.31838718677419,1568593.0,69.3908871066129,521,3422.77,27153.05,27.15305,3632
2016-06,Verde,0,31.157000096666664,41.985666529333336,120.54100011233332,93.07633349066667,1538469.0,71.69000005725,907,4925.9,32078.949999999997,32.07895,4539
2016-07,Verde,0,32.34193543483871,49.943548632580644,91.29032233354839,95.42258010354838,1124841.0,67.24959662612903,489,3310.56,35389.509999999995,35.389509999999994,5028
2016-08,Verde,0,38.287742122903225,46.22774198,104.24741929548387,112.0564513667742,1086280.0,75.20483869129032,576,3730.49,39119.99999999999,39.11999999999999,5604
2016-09,Verde,0,38.23066698733333,55.438666407,95.25999933833333,74.90266710966667,890643.0,65.95799996058334,536,4516.47,43636.469999999994,43.636469999999996,6140
2016-10,Verde,0,40.50709681354839,53.93741939903226,85.15096799838709,92.48483787064517,1077630.0,68.02008052040323,494,4687.09,48323.56,48.32356,6634
2016-11,Amarela,1,38.626999727,52.72366638166667,88.42499999933334,71.18033358366667,1129172.0,62.73899992291667,535,4643.79,52967.35,52.967349999999996,7169
2016-12,Verde,0,56.6080648367742,50.17483902064516,78.40870986451613,98.35225751258065,1636981.0,70.88596780862903,790,5770.88,58738.229999999996,58.738229999999994,7959
2017-01,Verde,0,29.796451752903224,42.027742263225804,68.45645178548386,155.57709798548387,1988058.0,73.9644359467742,620,4611.31,63349.53999999999,63.34953999999999,8579
2017-02,Verde,0,33.878928730357146,77.62535762821429,71.70142855035714,101.3378568382143,2063975.0,71.13589293678571,641,4186.68,67536.22,67.53622,9220
2017-03,Amarela,1,24.509677333225806,84.49516074870968,68.16645148451613,84.2080644183871,2149658.0,65.34483849620968,826,6205.28,73741.5,73.7415,10046
2017-04,Vermelha P1,2,23.770666789333333,74.153333537,73.606666311,83.01466623933334,1804531.0,63.636333219166666,674,6439.48,80180.98,80.18097999999999,10720
2017-05,Vermelha P1,2,23.270967975483874,60.92064531419355,100.1903221383871,165.5893542383871,1925184.0,87.4928224166129,897,9402.3,89583.28,89.58328,11617
2017-06,Verde,0,32.72333329533333,60.11033350666666,106.45000025433333,268.708664958,2029406.0,116.99808300358333,1079,8824.26,98407.54,98.40754,12696
2017-07,Amarela,1,32.86838703806452,60.448709550322576,79.54483942935484,38.36322587516129,865611.0,52.80629047322581,1118,8863.62,107271.15999999999,107.27116,13814
2017-08,Vermelha P1,2,35.65451591225807,58.32806470258065,85.42612851032258,51.03774236903226,783057.0,57.61161287354839,1316,13780.76,121051.91999999998,121.05191999999998,15130
2017-09,Amarela,1,33.964333407,59.347000249666664,65.82933298666667,23.022000186333333,533104.0,45.54066670741667,1155,13547.95,134599.87,134.59986999999998,16285
2017-10,Vermelha P2,3,25.993548300645163,50.68999973387097,68.24548413548386,80.57645071774193,890023.0,56.37637072193549,1327,13489.26,148089.13,148.08913,17612
2017-11,Vermelha P2,3,29.913999811666667,58.50466690066666,102.751332855,126.67300084433333,1412361.0,79.46075010291666,1780,16141.93,164231.06,164.23105999999999,19392
2017-12,Vermelha P1,2,58.701612780322584,74.61903172193549,95.10064598903226,85.99225751774193,1903629.0,78.60338700225806,1763,19877.56,184108.62,184.10862,21155
2018-01,Verde,0,39.54881631129032,63.433577752580646,96.90633515483871,187.7614285867742,2733781.99047863,96.91253945137096,1907,17362.22,201470.84,201.47084,23062
2018-02,Verde,0,46.890382698928576,106.91025665892857,83.20047487571428,86.51299953392856,2466695.16699232,80.878528441875,1681,25329.8,226800.63999999998,226.80064,24743
2018-03,Verde,0,56.14046441290322,93.35003243741936,88.6631742916129,94.22138472548387,3069600.47631848,83.09376396685484,2142,22921.43,249722.06999999998,249.72206999999997,26885
2018-04,Verde,0,47.778823471,98.604119873,89.741370137,91.48906974733333,2598280.50927748,81.90334580708333,2029,21098.85,270820.92,270.82092,28914
2018-05,Amarela,1,34.954974204838706,69.80988385580646,78.0806739564516,36.1914679,1568613.00341812,54.759249979274195,2383,26049.87,296870.79,296.87079,31297
2018-06,Vermelha P2,3,37.217119979,57.89248670033333,76.14700991266666,48.870436732,1124834.45617687,55.031763331,2413,32308.32,329179.11,329.17911,33710
2018-07,Vermelha P2,3,38.82554171161291,66.07647422096774,69.60763894322581,59.67649361387097,902433.76733411,58.54653712241935,2594,28550.26,357729.37,357.72937,36304
2018-08,Vermelha P2,3,39.959400053870965,70.71422896838709,82.66348414290322,47.6753773216129,780617.39746103,60.25312262169355,3249,40720.55,398449.92,398.44991999999996,39553
2018-09,Vermelha P2,3,42.64990654033333,68.947950363,82.454176585,99.16751734433333,914007.98193364,73.30488770816667,3128,38291.38,436741.3,436.74129999999997,42681
2018-10,Vermelha P2,3,43.353684087096774,61.2404582116129,108.30902887129032,119.04409703935484,1363760.80676279,82.98681705233871,4026,43885.31,480626.61,480.62660999999997,46707
2018-11,Amarela,1,71.00598678533333,81.43966585833333,128.707690175,113.101003774,1731347.86267096,98.56358664816666,4352,50111.12,530737.73,530.7377299999999,51059
2018-12,Verde,0,87.76466135774193,114.31508094935485,95.41798646967742,79.36349721129032,2153679.14428724,94.21530649701613,4453,56188.27,586926.0,586.926,55512
2019-01,Verde,0,37.82987440838709,77.55337327516129,63.94836167354838,99.04137149806452,2058451.05566416,69.59324521379033,5320,61293.01,648219.01,648.21901,60832
2019-02,Verde,0,25.377550057142855,65.41331781714285,65.66307844392857,80.46071066142858,1991764.17944342,59.22866424491071,5593,67636.76,715855.77,715.85577,66425
2019-03,Verde,0,43.757412694838706,83.99033183483871,96.83117700419355,133.63188343612904,3229765.06982438,89.5527012425,5743,66016.18,781871.95,781.87195,72168
2019-04,Verde,0,55.266280238,95.062249248,96.70143305466667,100.856112926,2732835.10595722,86.97151886666667,7263,80894.59,862766.5399999999,862.76654,79431
2019-05,Amarela,1,57.46803862096774,88.42165153225807,96.94840658774193,162.80586833354837,2306638.98681653,101.41099126862903,8547,98476.6,961243.1399999999,961.2431399999999,87978
2019-06,Verde,0,50.986496099,84.24139963766667,95.69621048033333,156.291682815,1763525.77734382,96.80394725800001,7308,84558.05,1045801.19,1045.80119,95286
2019-07,Amarela,1,48.793119491612906,83.5639873632258,85.67805800935484,64.23983272354839,1093830.13525406,70.56874939693547,9427,121786.79,1167587.98,1167.58798,104713
2019-08,Vermelha P1,2,48.63363868935484,77.63213520645161,79.92140271645161,28.324248344838708,724888.33825693,58.627856239274195,9915,127850.86,1295438.84,1295.43884,114628
2019-09,Vermelha P1,2,43.718053309666665,68.221647007,69.82177963266666,27.825940005333333,597246.52416995,52.39685498866667,9768,127261.4,1422700.24,1422.70024,124396
2019-10,Amarela,1,31.355399839677418,73.14550953548388,58.55394215741936,39.902615947419356,682354.18341069,50.73936687,12252,146503.09,1569203.33,1569.20333,136648
2019-11,Vermelha P1,2,24.221719931666666,64.25326970333333,62.724290339333336,98.42793273966666,989330.4352418099,62.4068031785,12195,154552.72,1723756.05,1723.75605,148843
2019-12,Amarela,1,47.38636822838709,52.78974865354839,82.05439056870968,59.95920341225806,1645249.07373047,60.54742771572581,16948,215731.6,1939487.6500000001,1939.48765,165791
2020-01,Amarela,1,44.834735501290325,60.605660961612905,74.79821260451614,44.70828062451613,2110508.33837896,56.23672242298387,17056,219548.9,2159036.5500000003,2159.0365500000003,182847
2020-02,Verde,0,81.82758581241379,76.00231736241379,105.1548514524138,32.539996705862066,3066742.95690929,73.88118783327586,15487,199272.55,2358309.1,2358.3091,198334
2020-03,Verde,0,96.43335157806452,110.70758032096774,102.87169007290322,25.95294829419355,3593318.64526377,83.99139256653226,14095,180515.84,2538824.94,2538.82494,212429
2020-04,Verde,0,102.19433390333333,113.75030339566666,86.848299662,15.536659908666667,2731912.16754159,79.58239921741666,10504,138264.56,2677089.5,2677.0895,222933
2020-05,Verde,0,80.4729737316129,117.77691552064516,79.6475775932258,20.20750015064516,1959896.1236574,74.52624174903225,9435,133096.55,2810186.05,2810.18605,232368
2020-06,Verde,0,74.26246604933334,116.240496318,77.160532889,67.64466915199999,1444084.0631104999,83.82704110208333,12620,182433.96,2992620.01,2992.6200099999996,244988
2020-07,Verde,0,64.19377111612904,108.53287432258064,79.42949430419355,121.67148946967743,1298578.90136733,93.45690730314516,14606,197148.96,3189768.9699999997,3189.7689699999996,259594
2020-08,Verde,0,66.1782451751613,95.02395186870969,85.14470943354839,97.36095157741936,1007809.55517584,85.92696451370968,14639,180524.27,3370293.2399999998,3370.29324,274233
2020-09,Verde,0,58.88253339166667,99.85856348666667,66.03013038733333,43.284619713,663693.30395515,67.01396174466667,14495,202117.21,3572410.4499999997,3572.41045,288728
2020-10,Verde,0,55.954016162258064,76.9361486135484,52.836264333548385,20.629799996451613,586242.37951665,51.58905727645161,18948,249716.16,3822126.61,3822.12661,307676
2020-11,Verde,0,88.23679644366666,100.015890376,59.914000193666666,21.627389971333333,887412.29150404,67.44851924616667,21747,256657.93,4078784.54,4078.78454,329423
2020-12,Vermelha P2,3,45.61098381774194,64.41902542032258,63.56556184935484,93.40928354612905,1467166.29052749,66.7512136583871,24596,282362.11,4361146.65,4361.146650000001,354019
2021-01,Amarela,1,46.96789981516129,46.28046146548387,69.89463240129032,154.3221869935484,2203890.76855481,79.36629516887098,20714,259841.51,4620988.16,4620.98816,374733
2021-02,Amarela,1,42.45140750142857,63.73836408285714,72.48750346071428,122.88541180714286,2295069.09472662,75.3906717130357,24016,249865.31,4870853.47,4870.85347,398749
2021-03,Amarela,1,69.69823517354838,110.78683840903226,74.65768026483872,69.95696110838709,2979057.95996106,81.27492873895162,31034,341524.63,5212378.1,5212.3781,429783
2021-04,Amarela,1,34.62503668433333,82.77902272466666,63.435916645666666,35.09269669933334,1904996.04418954,53.9831681885,26178,272334.62,5484712.72,5484.7127199999995,455961
2021-05,Vermelha P1,2,36.90241912129032,83.68557394741936,63.39138400064516,29.303516141612903,1473260.61828624,53.32072330274194,28784,315307.07,5800019.79,5800.01979,484745
2021-06,Vermelha P2,3,38.29156023633333,69.69428393066667,66.094907125,58.217903074,1104997.41394056,58.0746635915,27089,294096.29,6094116.08,6094.11608,511834
2021-07,Vermelha P2,3,42.26897381258065,80.15459626709676,61.224190742903225,42.569293483548385,812176.43054207,56.55426357653226,30456,338966.03,6433082.11,6433.08211,542290
2021-08,Vermelha P2,3,43.486470744193554,80.53944864612903,59.57806138096774,33.10755791193548,607042.77087408,54.17788467080645,38962,413513.08,6846595.19,6846.59519,581252
2021-09,Escassez Hídrica,4,44.59324976566667,80.72986729966667,56.412680054333336,65.888056183,656688.66394048,61.90596332566667,40073,396053.94,7242649.130000001,7242.649130000001,621325
2021-10,Escassez Hídrica,4,43.49371602483871,85.45513153,94.15381265451613,92.82852886548388,1173917.7520753199,78.98279726870969,41848,412198.87,7654848.000000001,7654.848000000001,663173
2021-11,Escassez Hídrica,4,82.108006414,149.12976557433333,93.28933334333333,55.78503646833334,1345726.06665051,95.07803545,52759,491234.43,8146082.430000001,8146.08243,715932
2021-12,Escassez Hídrica,4,101.04037155709678,187.39256483451612,88.94377406935483,29.518261447741935,2180703.15344246,101.72374297717742,61621,567987.78,8714070.21,8714.070210000002,777553
2022-01,Escassez Hídrica,4,132.0500485816129,222.04804500451613,108.97398696451611,37.12713536935484,3947494.36535656,125.04980398,46440,435332.0,9149402.21,9149.40221,823993
2022-02,Escassez Hídrica,4,147.35196440642858,135.0158418932143,110.08590752857143,33.254821435714284,3708923.77441417,106.42713381598215,54483,503456.41,9652858.620000001,9652.85862,878476
2022-03,Escassez Hídrica,4,122.17728990096775,121.42044215032259,76.59698412451613,98.79358303903226,3403320.55346694,104.74707480370968,61713,603288.3,10256146.920000002,10256.146920000001,940189
2022-04,Escassez Hídrica,4,65.98685010366667,109.18696950233334,74.922517013,155.39206822733334,2646127.99316419,101.37210121158334,57498,543517.96,10799664.880000003,10799.664880000002,997687
2022-05,Verde,0,53.48172575387097,89.79695166387097,67.6731711351613,217.5296458580645,2095425.8544924099,107.12037360274194,63853,613986.91,11413651.790000003,11413.651790000004,1061540
2022-06,Verde,0,62.708573150666666,93.09635925266666,74.73203735333333,230.69948069233334,1838926.75317399,115.30911261224999,64794,640725.78,12054377.570000002,12054.377570000002,1126334
2022-07,Verde,0,65.12841329290323,101.79880326806452,65.93878063096774,71.43838316354838,1002808.49731457,76.07609508887097,66999,702449.97,12756827.540000003,12756.827540000002,1193333
2022-08,Verde,0,62.84390025,105.9059029848387,78.35307410451612,126.14643921387096,1053425.09521496,93.31232913830645,67688,727257.93,13484085.470000003,13484.085470000002,1261021
2022-09,Verde,0,76.13833643599999,101.07476018366667,82.29392751,83.54817708233332,911182.46801767,85.763800303,64695,738252.38,14222337.850000003,14222.337850000004,1325716
2022-10,Verde,0,59.98069024806452,92.76651567032258,103.62067044225806,155.2195654832258,1529584.84460462,102.89686046096774,65549,679405.24,14901743.090000004,14901.743090000004,1391265
2022-11,Verde,0,80.12882397933335,108.385534669,77.86879628499999,83.68215662666667,1225537.29614266,87.51632789,77073,831650.98,15733394.070000004,15733.394070000004,1468338
2022-12,Verde,0,96.48188092645161,129.37805520290323,89.57542210193549,109.99622320354838,2216782.69384772,106.35789535870968,95220,996577.0,16729971.070000004,16729.971070000003,1563558
2023-01,Verde,0,107.6675545483871,131.15026215580644,118.65419080225807,93.63307460741936,3712875.3310548,112.77627052846773,103016,1065953.89,17795924.960000005,17795.924960000004,1666574
2023-02,Verde,0,97.75927175749999,99.22793551785715,104.55776378035715,86.46680041750001,3286265.74755869,97.00294286830356,86014,933543.38,18729468.340000004,18729.468340000003,1752588
2023-03,Verde,0,55.561470647419355,103.46337127741936,102.83466068451612,114.43122248580644,3555473.18359388,94.07268127379032,82761,1006313.35,19735781.690000005,19735.781690000003,1835349
2023-04,Verde,0,37.300166702666665,104.26523640966667,100.69730657033332,95.05744628833332,2815941.84545908,84.33003899274999,54414,731330.81,20467112.500000004,20467.112500000003,1889763
2023-05,Verde,0,54.169418827741936,91.6149903567742,91.57778684612903,61.90640332677419,1996520.5434572,74.81714983935484,55671,861956.88,21329069.380000003,21329.069380000004,1945434
2023-06,Verde,0,50.880926513999995,74.903227234,94.75460077933333,78.933040047,1483864.35205092,74.86794864358333,37284,557322.25,21886391.630000003,21886.391630000002,1982718
2023-07,Verde,0,58.4039643816129,76.79195810129032,89.17887706096775,147.66916016548387,1403067.732422,93.01098992733871,37094,492045.93,22378437.560000002,22378.437560000002,2019812
2023-08,Verde,0,65.33561263516128,68.54553530193549,90.08954521870967,81.41274839806452,960021.57067882,76.34586038846774,39274,527660.39,22906097.950000003,22906.097950000003,2059086
2023-09,Verde,0,70.19261296633334,73.82187995866666,88.0484965,138.40230026266667,1114789.64563002,92.61632242191666,37145,523892.56,23429990.51,23429.990510000003,2096231
2023-10,Verde,0,48.85758036903226,56.079609533225806,95.37718372935484,341.3183217206452,2193342.93493663,135.40817383806453,44697,584556.63,24014547.14,24014.547140000002,2140928
2023-11,Verde,0,40.92754681966667,36.816460037,84.19493001366666,503.09229075133334,2308512.47253427,166.25780690541666,53057,605022.96,24619570.1,24619.5701,2193985
2023-12,Verde,0,18.194148402580645,27.435687034193545,58.53334193064516,208.84639223161292,1478622.56518569,78.25239239975807,60894,701424.53,25320994.630000003,25320.99463,2254879
2024-01,Verde,0,47.55014222709677,42.80165155419355,56.327522277419355,137.3669975035484,1879168.99438489,71.01157839056451,69948,798562.21,26119556.840000004,26119.556840000005,2324827
2024-02,Verde,0,67.67299231172414,73.12370011,61.3657590937931,86.87274788206896,2233184.27246108,72.25879984939655,70411,736561.22,26856118.060000002,26856.11806,2395238
2024-03,Verde,0,60.841655114516136,69.66908104129031,66.35573528580646,137.68951932903224,2571652.45214857,83.63899769266129,76752,859535.19,27715653.250000004,27715.653250000003,2471990
2024-04,Verde,0,70.554959998,80.56003367166666,84.330810547,145.98826026933332,2568673.97070326,95.3585161215,80779,881370.72,28597023.970000003,28597.023970000002,2552769
2024-05,Verde,0,43.65578048483871,72.68810961258065,59.955854970322584,343.0944085893548,2213303.59643578,129.8485384142742,78197,874515.09,29471539.060000002,29471.539060000003,2630966
2024-06,Verde,0,40.378823344666664,51.342513656,56.038903046,152.70356928533332,1252096.70642106,75.115952333,73173,876777.06,30348316.12,30348.31612,2704139
2024-07,Amarela,1,43.27112247032258,50.45665790161291,58.53175157096774,178.57856233645163,1200178.38891608,82.70952356983872,77620,944191.21,31292507.330000002,31292.50733,2781759
2024-08,Verde,0,42.17486473903226,48.94101272064516,58.16821928967742,62.78200051032258,655991.46118172,53.01652431491935,73722,933094.41,32225601.740000002,32225.601740000002,2855481
2024-09,Vermelha P1,2,41.121476364,49.67952346733333,48.689133326333334,56.12015660666667,552494.81646739,48.90257244108333,67701,800434.7,33026036.44,33026.03644,2923182
2024-10,Vermelha P2,3,40.206215765806455,44.74773911516129,59.429212631612906,81.75955446225807,855403.47705088,56.53568049370968,75801,904742.0,33930778.44,33930.778439999995,2998983
2024-11,Amarela,1,72.30177955633333,65.070540364,111.76605428066667,77.07155990666666,1469109.7801514,81.55248352691666,76729,858012.21,34788790.65,34788.790649999995,3075712
2024-12,Verde,0,56.544832291612906,74.89738119870968,97.35261289419354,211.99127320193548,2302015.74267589,110.19652489661291,86904,1023613.95,35812404.6,35812.4046,3162616
2025-01,Verde,0,101.82104838709677,108.1231741935484,97.63392258064516,70.21527096774194,3118231.955,94.44835403225807,74810,851456.59,36663861.190000005,36663.86119,3237426
2025-02,Verde,0,87.47983214285715,112.57504642857143,84.080975,85.21301071428572,2934825.693,92.33721607142857,75443,809863.29,37473724.480000004,37473.724480000004,3312869
2025-03,Verde,0,25.37230322580645,99.81852580645162,61.86237096774194,51.96170322580645,2386130.95,59.75372580645162,84212,890191.16,38363915.64,38363.91564,3397081
2025-04,Verde,0,30.487706666666668,79.24658333333333,83.81996000000001,64.21383666666667,2252481.552,64.44202166666666,80063,845013.72,39208929.36,39208.92936,3477144
2025-05,Amarela,1,46.34356129032258,66.48687419354839,84.1642870967742,39.6377935483871,1664861.535,59.15812903225807,80534,796670.73,40005600.089999996,40005.60008999999,3557678
2025-06,Vermelha P1,2,41.41366,59.69938333333334,83.26468333333334,174.05857,1611386.223,89.60907416666667,68393,739185.92,40744786.01,40744.786009999996,3626071
2025-07,Vermelha P1,2,46.44947741935484,65.5518,79.68376774193548,111.5417064516129,1170784.261,75.80668790322581,75144,829654.88,41574440.89,41574.44089,3701215
2025-08,Vermelha P2,3,43.8814129032258,69.34403225806452,70.67543870967742,103.98339032258065,884382.84,71.9710685483871,65526,722529.94,42296970.83,42296.97083,3766741
2025-09,Vermelha P2,3,43.03135333333333,59.40672666666667,61.48379666666666,107.52316666666667,817526.596,67.86126083333333,66050,660939.48,42957910.309999995,42957.91030999999,3832791
2025-10,Vermelha P1,2,36.19465161290323,52.60480322580646,60.09993870967742,87.7538935483871,889001.259,59.16332177419355,68033,774645.61,43732555.919999994,43732.55591999999,3900824
2025-11,Vermelha P1,2,30.91798,44.607553333333335,74.17017,94.63195666666667,1077886.569,61.081914999999995,69626,685144.76,44417700.67999999,44417.700679999994,3970450
2025-12,Amarela,1,41.87939032258064,63.91473548387097,71.04377096774193,81.08111612903225,1538274.05,64.47975322580645,79077,728487.43,45146188.10999999,45146.188109999996,4049527
2026-01,Verde,0,44.817619354838705,61.08047419354838,64.99846774193549,85.84180967741936,2016733.8260000001,64.18459274193549,74576,710908.26,45857096.36999999,45857.09636999999,4124103
2026-02,Verde,0,93.32942142857144,61.79292857142857,89.01632142857143,51.86696428571429,2659712.7060000002,74.00140892857144,75121,649507.35,46506603.71999999,46506.60371999999,4199224
2026-03,Verde,0,105.16253548387097,96.7911258064516,89.5147193548387,45.20295483870968,3291026.4340000004,84.16783387096774,78681,668302.23,47174905.94999999,47174.905949999986,4277905
2026-04,Verde,0,88.36069,82.96634333333333,83.21657333333333,52.76589666666667,2450677.4729999998,76.82737583333333,79176,717112.58,47892018.52999999,47892.01852999999,4357081
2026-05,Amarela,1,53.06176451612903,76.51757419354838,86.67955483870968,111.93575806451612,1969485.931,82.0486629032258,48420,410453.85,48302472.37999999,48302.472379999985,4405501
2026-06,Amarela,1,57.06646666666666,58.56142666666666,93.16841,76.48637333333333,1418611.976,71.32066916666666,42376,370798.22,48673270.59999999,48673.27059999999,4447877
2026-07,Amarela,1,62.319325806451616,63.834858064516126,93.7070129032258,260.4424903225806,1805481.9530000002,120.07592177419355,14087,103558.53,48776829.12999999,48776.82912999999,4461964
2026-08,Amarela,1,64.40656315789474,67.5031947368421,99.94713684210527,208.69354210526316,867341.965,110.13760921052632,4,22.5,48776851.62999999,48776.85162999999,4461968
